trajectory_id,duration,speed,nb_items,nb_stops,length
201902181020,3704.0,17.244834308869148,116.0,56,63729.78957966487
